"ElementsTableOfContentsItem href","sl-flex-1","sl-font-medium"
"https://mycaseapi.stoplight.io/docs/mycase-api-documentation/k5xpc4jyhkom7-getting-started","Getting Started",""
"https://mycaseapi.stoplight.io/docs/mycase-api-documentation/nqo2td8g41hxd-error-handling","Error Handling",""
"https://mycaseapi.stoplight.io/docs/mycase-api-documentation/trif6mng3n2lz-cursor-based-pagination","Pagination",""
"https://mycaseapi.stoplight.io/docs/mycase-api-documentation/g79shx5w0y4l0-time-zones","Time Zones",""
"https://mycaseapi.stoplight.io/docs/mycase-api-documentation/qz3m9vxrt2ldw-utbms-codes","UTBMS Codes",""
"https://mycaseapi.stoplight.io/docs/mycase-api-documentation/pnfw9evvmyp8i-changelog","Changelog",""
"https://mycaseapi.stoplight.io/docs/mycase-api-documentation/4wtv3f4d5h7b9-calls","Calls",""
"https://mycaseapi.stoplight.io/docs/mycase-api-documentation/815dfaed26737-get-calls","Get Calls","get"
"https://mycaseapi.stoplight.io/docs/mycase-api-documentation/c547c89dc353a-create-a-call","Create a Call","post"
"https://mycaseapi.stoplight.io/docs/mycase-api-documentation/5e6d450a4bd58-update-an-individual-call","Update an Individual Call","put"
"https://mycaseapi.stoplight.io/docs/mycase-api-documentation/2f426ef00a8e4-delete-an-individual-call","Delete an Individual Call","delete"
"https://mycaseapi.stoplight.io/docs/mycase-api-documentation/rojx5b2lwhsz7-case-roles","Case Roles",""
"https://mycaseapi.stoplight.io/docs/mycase-api-documentation/b7b6bf2f613ea-get-case-roles","Get Case Roles","get"
"https://mycaseapi.stoplight.io/docs/mycase-api-documentation/hbnd5ugqby7hf-cases","Cases",""
"https://mycaseapi.stoplight.io/docs/mycase-api-documentation/2c2d46374701c-get-cases","Get Cases","get"
"https://mycaseapi.stoplight.io/docs/mycase-api-documentation/13119b40183ad-create-a-case","Create a Case","post"
"https://mycaseapi.stoplight.io/docs/mycase-api-documentation/999662f9e0762-get-all-cases-for-a-client","Get All Cases for a Client","get"
"https://mycaseapi.stoplight.io/docs/mycase-api-documentation/efca9db642ede-get-an-individual-case","Get an Individual Case","get"
"https://mycaseapi.stoplight.io/docs/mycase-api-documentation/fcdffa8b1de8c-update-an-individual-case","Update an Individual Case","put"
"https://mycaseapi.stoplight.io/docs/mycase-api-documentation/4af2083062b9a-delete-an-individual-case","Delete an Individual Case","delete"
"https://mycaseapi.stoplight.io/docs/mycase-api-documentation/2231b17f9f2e9-create-a-client-relationship-for-a-case","Create a Client Relationship for a Case","post"
"https://mycaseapi.stoplight.io/docs/mycase-api-documentation/c267104beec7f-create-a-company-relationship-for-a-case","Create a Company Relationship for a Case","post"
"https://mycaseapi.stoplight.io/docs/mycase-api-documentation/be476c8739c2a-create-a-staff-relationship-for-a-case","Create a Staff Relationship for a Case","post"
"https://mycaseapi.stoplight.io/docs/mycase-api-documentation/08kdwqdulef3y-case-stages","Case Stages",""
"https://mycaseapi.stoplight.io/docs/mycase-api-documentation/592cc136089e9-get-case-stages","Get Case Stages","get"
"https://mycaseapi.stoplight.io/docs/mycase-api-documentation/7f12e457664da-create-a-case-stage","Create a Case Stage","post"
"https://mycaseapi.stoplight.io/docs/mycase-api-documentation/3a62885b30f69-update-an-individual-case-stage","Update an Individual Case Stage","put"
"https://mycaseapi.stoplight.io/docs/mycase-api-documentation/82ee08e3b4ba1-delete-an-individual-case-stage","Delete an Individual Case Stage","delete"
"https://mycaseapi.stoplight.io/docs/mycase-api-documentation/cqy2s88ufv5tj-clients-people","Clients (People)",""
"https://mycaseapi.stoplight.io/docs/mycase-api-documentation/c19659e69949e-get-clients-people","Get Clients (People)","get"
"https://mycaseapi.stoplight.io/docs/mycase-api-documentation/197aaef5e2d51-create-a-client-person","Create a Client  (Person)","post"
"https://mycaseapi.stoplight.io/docs/mycase-api-documentation/898dbdf8ed467-get-an-individual-client-person","Get an Individual Client  (Person)","get"
"https://mycaseapi.stoplight.io/docs/mycase-api-documentation/b3a41022fa9e5-update-an-individual-client-person","Update an Individual Client  (Person)","put"
"https://mycaseapi.stoplight.io/docs/mycase-api-documentation/2f3f04df68f66-delete-an-individual-client-person","Delete an Individual Client  (Person)","delete"
"https://mycaseapi.stoplight.io/docs/mycase-api-documentation/1nmjyg55cqh7i-companies","Companies",""
"https://mycaseapi.stoplight.io/docs/mycase-api-documentation/eddd20d8e1045-get-companies","Get Companies","get"
"https://mycaseapi.stoplight.io/docs/mycase-api-documentation/b457439e269ad-create-a-company","Create a Company","post"
"https://mycaseapi.stoplight.io/docs/mycase-api-documentation/4643e2793dd35-get-an-individual-company","Get an Individual Company","get"
"https://mycaseapi.stoplight.io/docs/mycase-api-documentation/9c34394b727aa-update-an-individual-company","Update an Individual Company","put"
"https://mycaseapi.stoplight.io/docs/mycase-api-documentation/7bacb1784b748-delete-an-individual-company","Delete an Individual Company","delete"
"https://mycaseapi.stoplight.io/docs/mycase-api-documentation/0c4402b792867-create-a-client-relationship-for-a-company","Create a Client Relationship for a Company","post"
"https://mycaseapi.stoplight.io/docs/mycase-api-documentation/ra0bhq2rn1rbh-custom-fields","Custom Fields",""
"https://mycaseapi.stoplight.io/docs/mycase-api-documentation/f4ac14ff4cd94-get-custom-fields","Get Custom Fields","get"
"https://mycaseapi.stoplight.io/docs/mycase-api-documentation/1c69f092428bb-create-a-custom-field","Create a Custom Field","post"
"https://mycaseapi.stoplight.io/docs/mycase-api-documentation/4969bd9bc5428-get-an-individual-custom-field","Get an Individual Custom Field","get"
"https://mycaseapi.stoplight.io/docs/mycase-api-documentation/ce9b55b138279-delete-an-individual-custom-field","Delete an Individual Custom Field","delete"
"https://mycaseapi.stoplight.io/docs/mycase-api-documentation/638eaa87576ca-get-the-list-options-for-a-custom-field","Get the List Options for a Custom Field","get"
"https://mycaseapi.stoplight.io/docs/mycase-api-documentation/1ac2847d5567f-add-list-options-to-a-custom-field","Add List Options to a Custom Field","post"
"https://mycaseapi.stoplight.io/docs/mycase-api-documentation/32c2dc7713015-update-a-list-option-for-a-custom-field","Update a List Option for a Custom Field","put"
"https://mycaseapi.stoplight.io/docs/mycase-api-documentation/8ccbefaa00f3e-delete-a-list-option-for-a-custom-field","Delete a List Option for a Custom Field","delete"
"https://mycaseapi.stoplight.io/docs/mycase-api-documentation/52bvra1vj74sr-documents","Documents",""
"https://mycaseapi.stoplight.io/docs/mycase-api-documentation/589e36d630d32-get-documents","Get Documents","get"
"https://mycaseapi.stoplight.io/docs/mycase-api-documentation/bd201528d814c-create-a-firm-document","Create a Firm Document","post"
"https://mycaseapi.stoplight.io/docs/mycase-api-documentation/ea7d828a71c26-get-all-documents-for-a-case","Get All Documents for a Case","get"
"https://mycaseapi.stoplight.io/docs/mycase-api-documentation/5f9d31af2e726-create-a-document-for-a-case","Create a Document for a Case","post"
"https://mycaseapi.stoplight.io/docs/mycase-api-documentation/1ed784d5faecf-get-all-firm-document-versions","Get all Firm Document Versions","get"
"https://mycaseapi.stoplight.io/docs/mycase-api-documentation/779d1b3acfcc0-get-an-individual-document","Get an Individual Document","get"
"https://mycaseapi.stoplight.io/docs/mycase-api-documentation/168aa358d6183-update-an-individual-document","Update an Individual Document","put"
"https://mycaseapi.stoplight.io/docs/mycase-api-documentation/dfd79bd80c6cf-delete-an-individual-document","Delete an Individual Document","delete"
"https://mycaseapi.stoplight.io/docs/mycase-api-documentation/747466b14b30a-get-all-versions-of-a-document","Get All Versions of a Document","get"
"https://mycaseapi.stoplight.io/docs/mycase-api-documentation/df502604f8d0c-create-a-version-for-a-document","Create a Version for a Document","post"
"https://mycaseapi.stoplight.io/docs/mycase-api-documentation/7819bbacb18c5-download-a-document","Download a Document","get"
"https://mycaseapi.stoplight.io/docs/mycase-api-documentation/1b366f0f85fc9-download-a-document-version","Download a Document Version","get"
"https://mycaseapi.stoplight.io/docs/mycase-api-documentation/05e22a14b6be5-delete-an-individual-document-version","Delete an Individual Document Version","delete"
"https://mycaseapi.stoplight.io/docs/mycase-api-documentation/b4chd2d5t4qze-events","Events",""
"https://mycaseapi.stoplight.io/docs/mycase-api-documentation/f8534cb3afa67-get-events","Get Events","get"
"https://mycaseapi.stoplight.io/docs/mycase-api-documentation/ee40a44590022-create-an-event","Create an Event","post"
"https://mycaseapi.stoplight.io/docs/mycase-api-documentation/4f98681f0927b-update-an-individual-event","Update an Individual Event","put"
"https://mycaseapi.stoplight.io/docs/mycase-api-documentation/acb8ba76b49c3-delete-an-individual-event","Delete an Individual Event","delete"
"https://mycaseapi.stoplight.io/docs/mycase-api-documentation/87e66f3eda1bd-create-a-staff-relationship-for-an-event","Create a Staff Relationship for an Event","post"
"https://mycaseapi.stoplight.io/docs/mycase-api-documentation/kaz6g3ecbfz3z-expenses","Expenses",""
"https://mycaseapi.stoplight.io/docs/mycase-api-documentation/392cc31b2e608-get-expenses","Get Expenses","get"
"https://mycaseapi.stoplight.io/docs/mycase-api-documentation/9da0db18810db-create-an-expense","Create an Expense","post"
"https://mycaseapi.stoplight.io/docs/mycase-api-documentation/deede2682c55f-get-an-individual-expense","Get an Individual Expense","get"
"https://mycaseapi.stoplight.io/docs/mycase-api-documentation/d0c875955519a-delete-an-individual-expense","Delete an Individual Expense","delete"
"https://mycaseapi.stoplight.io/docs/mycase-api-documentation/pj93ftbf9zpgh-firm","Firm",""
"https://mycaseapi.stoplight.io/docs/mycase-api-documentation/0acc0620bdd9e-get-the-firm-of-the-current-authorized-user","Get the Firm of the Current Authorized User","get"
"https://mycaseapi.stoplight.io/docs/mycase-api-documentation/tt9l498unsfn0-folders","Folders",""
"https://mycaseapi.stoplight.io/docs/mycase-api-documentation/35184330f1f95-get-documents-of-a-folder","Get Documents of a Folder","get"
"https://mycaseapi.stoplight.io/docs/mycase-api-documentation/d6ced4ed6c24b-get-subfolders-of-a-folder","Get Subfolders of a Folder","get"
"https://mycaseapi.stoplight.io/docs/mycase-api-documentation/1b7dc53b16e9d-get-case-documents-folder","Get Case Documents Folder","get"
"https://mycaseapi.stoplight.io/docs/mycase-api-documentation/11bd8a9bef54e-create-subfolders-for-a-case","Create Subfolders for a Case","post"
"https://mycaseapi.stoplight.io/docs/mycase-api-documentation/sdiodtg8282p5-invoices","Invoices",""
"https://mycaseapi.stoplight.io/docs/mycase-api-documentation/163a0a18de0f2-get-invoices","Get Invoices","get"
"https://mycaseapi.stoplight.io/docs/mycase-api-documentation/543819f7b6366-delete-an-individual-invoice","Delete an Individual Invoice","delete"
"https://mycaseapi.stoplight.io/docs/mycase-api-documentation/4c8947bee0ee7-record-a-payment-on-an-invoice","Record a Payment on an Invoice","post"
"https://mycaseapi.stoplight.io/docs/mycase-api-documentation/23564c69fb0d2-invoice-payments","InvoicePayments",""
"https://mycaseapi.stoplight.io/docs/mycase-api-documentation/f13cfbcdf1a44-get-invoice-payments","Get Invoice Payments","get"
"https://mycaseapi.stoplight.io/docs/mycase-api-documentation/cp3a7j0lwnonq-leads","Leads",""
"https://mycaseapi.stoplight.io/docs/mycase-api-documentation/a5c4816c99361-get-leads","Get Leads","get"
"https://mycaseapi.stoplight.io/docs/mycase-api-documentation/90101b75bced9-create-a-lead","Create a Lead","post"
"https://mycaseapi.stoplight.io/docs/mycase-api-documentation/a920bc646129f-get-an-individual-lead","Get an Individual Lead","get"
"https://mycaseapi.stoplight.io/docs/mycase-api-documentation/c6aee17a9697a-update-an-individual-lead","Update an Individual Lead","put"
"https://mycaseapi.stoplight.io/docs/mycase-api-documentation/abk81yr3ewms7-locations","Locations",""
"https://mycaseapi.stoplight.io/docs/mycase-api-documentation/22b2b716050e8-get-locations","Get Locations","get"
"https://mycaseapi.stoplight.io/docs/mycase-api-documentation/b031dc04e113c-create-a-location","Create a Location","post"
"https://mycaseapi.stoplight.io/docs/mycase-api-documentation/2296adfd5a239-update-an-individual-location","Update an Individual Location","put"
"https://mycaseapi.stoplight.io/docs/mycase-api-documentation/754e480b370c7-delete-an-individual-location","Delete an Individual Location","delete"
"https://mycaseapi.stoplight.io/docs/mycase-api-documentation/h7xra688o4yct-message-threads","Message Threads",""
"https://mycaseapi.stoplight.io/docs/mycase-api-documentation/ce9296cb61a20-create-a-message-thread","Create a Message Thread","post"
"https://mycaseapi.stoplight.io/docs/mycase-api-documentation/283bc46f460d3-create-a-message-thread-for-a-case","Create a Message Thread for a Case","post"
"https://mycaseapi.stoplight.io/docs/mycase-api-documentation/c89c9afad35d3-get-all-message-threads-for-a-client","Get All Message Threads for a Client","get"
"https://mycaseapi.stoplight.io/docs/mycase-api-documentation/3ce67f7949827-create-a-message-on-a-message-thread","Create a Message on a Message Thread","post"
"https://mycaseapi.stoplight.io/docs/mycase-api-documentation/g47ryw2snj6hi-notes","Notes",""
"https://mycaseapi.stoplight.io/docs/mycase-api-documentation/669b32853b3d5-get-an-individual-note","Get an Individual Note","get"
"https://mycaseapi.stoplight.io/docs/mycase-api-documentation/b9dc80d4e95fb-update-an-individual-note","Update an Individual Note","put"
"https://mycaseapi.stoplight.io/docs/mycase-api-documentation/d7242da7af5a2-delete-an-individual-note","Delete an Individual Note","delete"
"https://mycaseapi.stoplight.io/docs/mycase-api-documentation/e21e0d970a243-get-all-notes-for-a-case","Get All Notes for a Case","get"
"https://mycaseapi.stoplight.io/docs/mycase-api-documentation/afdcb2279e69e-create-a-note-for-a-case","Create a Note for a Case","post"
"https://mycaseapi.stoplight.io/docs/mycase-api-documentation/f73b8fbef1033-get-all-notes-for-a-client","Get All Notes for a Client","get"
"https://mycaseapi.stoplight.io/docs/mycase-api-documentation/6a329d9538f82-create-a-note-for-a-client","Create a Note for a Client","post"
"https://mycaseapi.stoplight.io/docs/mycase-api-documentation/deef105e4ceb7-create-a-note-for-a-company","Create a Note for a Company","post"
"https://mycaseapi.stoplight.io/docs/mycase-api-documentation/8ni5dkogbrs3h-people-groups","People Groups",""
"https://mycaseapi.stoplight.io/docs/mycase-api-documentation/849d38baa1901-get-people-groups","Get People Groups","get"
"https://mycaseapi.stoplight.io/docs/mycase-api-documentation/ee37de3204d76-create-a-people-group","Create a People Group","post"
"https://mycaseapi.stoplight.io/docs/mycase-api-documentation/be8567d9ec756-update-an-individual-people-group","Update an Individual People Group","put"
"https://mycaseapi.stoplight.io/docs/mycase-api-documentation/6ac3e1f1fceb8-delete-an-individual-people-group","Delete an Individual People Group","delete"
"https://mycaseapi.stoplight.io/docs/mycase-api-documentation/4k3hos0s0wbu4-practice-areas","Practice Areas",""
"https://mycaseapi.stoplight.io/docs/mycase-api-documentation/50347627537d0-get-practice-areas","Get Practice Areas","get"
"https://mycaseapi.stoplight.io/docs/mycase-api-documentation/3c5e2907ae80c-create-a-practice-area","Create a Practice Area","post"
"https://mycaseapi.stoplight.io/docs/mycase-api-documentation/1ccbfe3936ae7-update-an-individual-practice-area","Update an Individual Practice Area","put"
"https://mycaseapi.stoplight.io/docs/mycase-api-documentation/92a35db62ccae-delete-an-individual-practice-area","Delete an Individual Practice Area","delete"
"https://mycaseapi.stoplight.io/docs/mycase-api-documentation/xk6gyvkvnoigj-referral-sources","Referral Sources",""
"https://mycaseapi.stoplight.io/docs/mycase-api-documentation/f44c1f64d9aaa-get-referral-sources","Get Referral Sources","get"
"https://mycaseapi.stoplight.io/docs/mycase-api-documentation/fbbd7659d2c38-create-a-referral-source","Create a Referral Source","post"
"https://mycaseapi.stoplight.io/docs/mycase-api-documentation/8tcl50enttets-staff","Staff",""
"https://mycaseapi.stoplight.io/docs/mycase-api-documentation/f7c58137e7e12-get-all-staff","Get all Staff","get"
"https://mycaseapi.stoplight.io/docs/mycase-api-documentation/9bd431a3d3e15-get-an-individual-staff","Get an Individual Staff","get"
"https://mycaseapi.stoplight.io/docs/mycase-api-documentation/1bf6e3346734c-get-the-current-authorized-user","Get the Current Authorized User","get"
"https://mycaseapi.stoplight.io/docs/mycase-api-documentation/tj17y5rz7vsh0-tasks","Tasks",""
"https://mycaseapi.stoplight.io/docs/mycase-api-documentation/ddd858825338c-get-tasks","Get Tasks","get"
"https://mycaseapi.stoplight.io/docs/mycase-api-documentation/279c5f98870af-create-a-task","Create a Task","post"
"https://mycaseapi.stoplight.io/docs/mycase-api-documentation/6fa470840f2fc-update-an-individual-task","Update an Individual Task","put"
"https://mycaseapi.stoplight.io/docs/mycase-api-documentation/04651f1110756-delete-an-individual-task","Delete an Individual Task","delete"
"https://mycaseapi.stoplight.io/docs/mycase-api-documentation/51a0b7c924d90-create-a-staff-relationship-for-a-task","Create a Staff Relationship for a Task","post"
"https://mycaseapi.stoplight.io/docs/mycase-api-documentation/ka53k6vbua0t3-time-entries","Time Entries",""
"https://mycaseapi.stoplight.io/docs/mycase-api-documentation/444b13b5dcacc-get-time-entries","Get Time Entries","get"
"https://mycaseapi.stoplight.io/docs/mycase-api-documentation/45d79e837bc9e-create-a-time-entry","Create a Time Entry","post"
"https://mycaseapi.stoplight.io/docs/mycase-api-documentation/31724310a6d8c-get-an-individual-time-entry","Get an Individual Time Entry","get"
"https://mycaseapi.stoplight.io/docs/mycase-api-documentation/099c33c11c243-delete-an-individual-time-entry","Delete an Individual Time Entry","delete"
"https://mycaseapi.stoplight.io/docs/mycase-api-documentation/fdtu5r8u47pku-webhooks","Webhooks",""
"https://mycaseapi.stoplight.io/docs/mycase-api-documentation/782791dbe8a99-get-webhook-subscriptions","Get Webhook Subscriptions","get"
"https://mycaseapi.stoplight.io/docs/mycase-api-documentation/1553cc102843e-create-a-webhook-subscription","Create a Webhook Subscription","post"
"https://mycaseapi.stoplight.io/docs/mycase-api-documentation/530b282cd2690-cancel-a-webhook-subscription","Cancel a Webhook Subscription","delete"